Name,Surname,00000000,2000-01-01,0
Name,Surname,00000001,2000-01-01,1
Name,Surname,00000002,2000-01-01,2
Name,Surname,00000003,2000-01-01,3
Name,Surname,00000004,2000-01-01,4
Name,Surname,00000005,2000-01-01,5
Name,Surname,00000006,2000-01-01,6
Name,Surname,00000007,2000-01-01,7
Name,Surname,00000008,2000-01-01,8
Name,Surname,00000009,2000-01-01,9
Name,Surname,00000010,2000-01-01,10
Name,Surname,00000011,2000-01-01,11
Name,Surname,00000012,2000-01-01,12
Name,Surname,00000013,2000-01-01,13
Name,Surname,00000014,2000-01-01,14
Name,Surname,00000015,2000-01-01,15
Name,Surname,00000016,2000-01-01,16
Name,Surname,00000017,2000-01-01,17
Name,Surname,00000018,2000-01-01,18
Name,Surname,00000019,2000-01-01,19
Name,Surname,00000020,2000-01-01,20
Name,Surname,00000021,2000-01-01,21
Name,Surname,00000022,2000-01-01,22
Name,Surname,00000023,2000-01-01,23
Name,Surname,00000024,2000-01-01,24
Name,Surname,00000025,2000-01-01,25
Name,Surname,00000026,2000-01-01,26
Name,Surname,00000027,2000-01-01,27
Name,Surname,00000028,2000-01-01,28
Name,Surname,00000029,2000-01-01,29
Name,Surname,00000030,2000-01-01,30
Name,Surname,00000031,2000-01-01,31
Name,Surname,00000032,2000-01-01,32
Name,Surname,00000033,2000-01-01,33
Name,Surname,00000034,2000-01-01,34
Name,Surname,00000035,2000-01-01,35
Name,Surname,00000036,2000-01-01,36
Name,Surname,00000037,2000-01-01,37
Name,Surname,00000038,2000-01-01,38
Name,Surname,00000039,2000-01-01,39
Name,Surname,00000040,2000-01-01,40
Name,Surname,00000041,2000-01-01,41
Name,Surname,00000042,2000-01-01,42
Name,Surname,00000043,2000-01-01,43
Name,Surname,00000044,2000-01-01,44
Name,Surname,00000045,2000-01-01,45
Name,Surname,00000046,2000-01-01,46
Name,Surname,00000047,2000-01-01,47
Name,Surname,00000048,2000-01-01,48
Name,Surname,00000049,2000-01-01,49
Name,Surname,00000050,2000-01-01,50
Name,Surname,00000051,2000-01-01,51
Name,Surname,00000052,2000-01-01,52
Name,Surname,00000053,2000-01-01,53
Name,Surname,00000054,2000-01-01,54
Name,Surname,00000055,2000-01-01,55
Name,Surname,00000056,2000-01-01,56
Name,Surname,00000057,2000-01-01,57
Name,Surname,00000058,2000-01-01,58
Name,Surname,00000059,2000-01-01,59
Name,Surname,00000060,2000-01-01,60
Name,Surname,00000061,2000-01-01,61
Name,Surname,00000062,2000-01-01,62
Name,Surname,00000063,2000-01-01,63
Name,Surname,00000064,2000-01-01,64
Name,Surname,00000065,2000-01-01,65
Name,Surname,00000066,2000-01-01,66
Name,Surname,00000067,2000-01-01,67
Name,Surname,00000068,2000-01-01,68
Name,Surname,00000069,2000-01-01,69
Name,Surname,00000070,2000-01-01,70
Name,Surname,00000071,2000-01-01,71
Name,Surname,00000072,2000-01-01,72
Name,Surname,00000073,2000-01-01,73
Name,Surname,00000074,2000-01-01,74
Name,Surname,00000075,2000-01-01,75
Name,Surname,00000076,2000-01-01,76
Name,Surname,00000077,2000-01-01,77
Name,Surname,00000078,2000-01-01,78
Name,Surname,00000079,2000-01-01,79
Name,Surname,00000080,2000-01-01,80
Name,Surname,00000081,2000-01-01,81
Name,Surname,00000082,2000-01-01,82
Name,Surname,00000083,2000-01-01,83
Name,Surname,00000084,2000-01-01,84
Name,Surname,00000085,2000-01-01,85
Name,Surname,00000086,2000-01-01,86
Name,Surname,00000087,2000-01-01,87
Name,Surname,00000088,2000-01-01,88
Name,Surname,00000089,2000-01-01,89
Name,Surname,00000090,2000-01-01,90
Name,Surname,00000091,2000-01-01,91
Name,Surname,00000092,2000-01-01,92
Name,Surname,00000093,2000-01-01,93
Name,Surname,00000094,2000-01-01,94
Name,Surname,00000095,2000-01-01,95
Name,Surname,00000096,2000-01-01,96
Name,Surname,00000097,2000-01-01,97
Name,Surname,00000098,2000-01-01,98
Name,Surname,00000099,2000-01-01,99
